PERMNO,date,PRC
25419,20030910,67.14000
25419,20030911,66.78000
25419,20030912,68.12000
25419,20030915,69.10000
25419,20030916,69.95000
25419,20030917,69.64000
25419,20030918,70.00000
25419,20030919,69.41000
25419,20030922,68.71000
25419,20030923,69.07000
25419,20030924,68.58000
25419,20030925,68.25000
25419,20030926,67.92000
25419,20030929,67.67000
25419,20030930,67.77000
25419,20031001,68.95000
25419,20031002,69.31000
25419,20031003,69.57000
25419,20031006,69.80000
25419,20031007,69.85000
25419,20031008,70.30000
25419,20031009,70.56000
25419,20031010,70.47000
25419,20031013,71.90000
25419,20031014,71.88000
25419,20031015,71.95000
25419,20031016,71.45000
25419,20031017,71.80000
25419,20031020,71.24000
25419,20031021,69.90000
25419,20031022,65.81000
25419,20031023,66.92000
25419,20031024,67.62000
25419,20031027,68.19000
25419,20031028,69.46000
25419,20031029,70.68000
25419,20031030,71.46000
25419,20031031,70.47000
25419,20031103,70.43000
25419,20031104,70.15000
25419,20031105,69.95000
25419,20031106,69.50000
25419,20031107,69.72000
25419,20031110,66.53000
25419,20031111,67.62000
25419,20031112,67.20000
25419,20031113,67.95000
25419,20031114,67.22000
25419,20031117,66.50000
25419,20031118,66.47000
25419,20031119,66.70000
25419,20031120,66.32000
25419,20031121,66.35000
25419,20031124,68.52000
25419,20031125,68.47000
25419,20031126,68.02000
25419,20031128,68.32000
25419,20031201,68.80000
25419,20031202,68.54000
25419,20031203,68.03000
25419,20031204,67.35000
25419,20031205,66.85000
25419,20031208,67.80000
25419,20031209,67.31000
25419,20031210,66.41000
25419,20031211,67.34000
25419,20031212,67.01000
25419,20031215,67.31000
25419,20031216,69.62000
25419,20031217,69.77000
25419,20031218,71.79000
25419,20031219,71.11000
25419,20031222,71.85000
25419,20031223,72.14000
25419,20031224,71.55000
25419,20031226,71.89000
25419,20031229,72.67000
25419,20031230,72.60000
25419,20031231,72.65000
25419,20040102,71.18000
25419,20040105,72.22000
25419,20040106,71.90000
25419,20040107,72.23000
25419,20040108,72.78000
25419,20040109,73.31000
25419,20040112,72.90000
25419,20040113,72.76000
25419,20040114,75.05000
25419,20040115,75.73000
25419,20040116,76.80000
25419,20040120,76.55000
25419,20040121,79.38000
25419,20040122,78.97000
25419,20040123,78.17000
25419,20040126,78.52000
25419,20040127,77.40000
25419,20040128,74.55000
25419,20040129,75.13000
25419,20040130,75.95000
25419,20040202,74.90000
25419,20040203,73.31000
25419,20040204,72.95000
25419,20040205,73.02000
25419,20040206,73.52000
25419,20040209,73.26000
25419,20040210,73.52000
25419,20040211,73.87000
25419,20040212,73.70000
25419,20040213,72.50000
25419,20040217,72.63000
25419,20040218,72.17000
25419,20040219,71.85000
25419,20040220,71.33000
25419,20040223,70.20000
25419,20040224,70.31000
25419,20040225,70.16000
25419,20040226,72.66000
25419,20040227,72.94000
25419,20040301,73.85000
25419,20040302,72.43000
25419,20040303,72.64000
25419,20040304,72.12000
25419,20040305,72.98000
25419,20040308,71.35000
25419,20040309,70.21000
25419,20040310,68.48000
25419,20040311,66.75000
25419,20040312,67.95000
25419,20040315,66.79000
25419,20040316,67.17000
25419,20040317,69.17000
25419,20040318,68.65000
25419,20040319,68.11000
25419,20040322,67.41000
25419,20040323,67.77000
25419,20040324,67.76000
25419,20040325,68.15000
25419,20040326,68.12000
25419,20040329,68.30000
25419,20040330,68.70000
25419,20040331,68.87000
25419,20040401,69.59000
25419,20040402,69.69000
25419,20040405,70.30000
25419,20040406,70.27000
25419,20040407,69.66000
25419,20040408,68.52000
25419,20040412,69.27000
25419,20040413,67.21000
25419,20040414,67.90000
25419,20040415,68.33000
25419,20040416,69.00000
25419,20040419,68.27000
25419,20040420,67.44000
25419,20040421,66.75000
25419,20040422,69.34000
25419,20040423,69.21000
25419,20040426,68.25000
25419,20040427,68.26000
25419,20040428,67.50000
25419,20040429,65.71000
25419,20040430,65.51000
25419,20040503,66.14000
25419,20040504,65.05000
25419,20040505,65.20000
25419,20040506,63.77000
25419,20040507,62.09000
25419,20040510,62.10000
25419,20040511,63.72000
25419,20040512,64.12000
25419,20040513,64.44000
25419,20040514,64.38000
25419,20040517,64.00000
25419,20040518,64.65000
25419,20040519,63.53000
25419,20040520,64.03000
25419,20040521,64.42000
25419,20040524,65.37000
25419,20040525,68.21000
25419,20040526,67.89000
25419,20040527,67.65000
25419,20040528,66.53000
25419,20040601,66.80000
25419,20040602,66.84000
25419,20040603,66.53000
25419,20040604,66.13000
25419,20040607,67.44000
25419,20040608,67.14000
25419,20040609,66.85000
25419,20040610,67.35000
25419,20040614,66.07000
25419,20040615,67.68000
25419,20040616,67.08000
25419,20040617,67.06000
25419,20040618,67.15000
25419,20040621,67.52000
25419,20040622,67.99000
25419,20040623,69.62000
25419,20040624,70.81000
25419,20040625,69.83000
25419,20040628,68.77000
25419,20040629,68.07000
25419,20040630,68.60000
25419,20040701,67.61000
25419,20040702,68.12000
25419,20040706,68.35000
25419,20040707,66.38000
25419,20040708,64.49000
25419,20040709,65.03000
25419,20040712,63.70000
25419,20040713,63.70000
25419,20040714,62.60000
25419,20040715,62.32000
25419,20040716,62.11000
25419,20040719,62.05000
25419,20040720,63.93000
25419,20040721,62.66000
25419,20040722,63.73000
25419,20040723,63.02000
25419,20040726,61.86000
25419,20040727,62.05000
25419,20040728,61.95000
25419,20040729,62.55000
25419,20040730,62.44000
25419,20040802,62.87000
25419,20040803,61.88000
25419,20040804,62.26000
25419,20040805,59.71000
25419,20040806,58.71000
25419,20040809,60.00000
25419,20040810,60.50000
25419,20040811,59.41000
25419,20040812,58.95000
25419,20040813,59.49000
25419,20040816,61.17000
25419,20040817,61.75000
25419,20040818,62.90000
25419,20040819,62.02000
25419,20040820,62.00000
25419,20040823,61.83000
25419,20040824,61.31000
25419,20040825,61.21000
25419,20040826,61.57000
25419,20040827,61.59000
25419,20040830,61.14000
25419,20040831,61.14000
25419,20040901,61.07000
25419,20040902,61.75000
25419,20040903,61.61000
25419,20040907,62.03000
25419,20040908,61.32000
25419,20040909,60.79000
25419,20040910,61.17000
25419,20040913,61.36000
25419,20040914,60.75000
25419,20040915,60.82000
25419,20040916,61.11000
25419,20040917,61.82000
25419,20040920,61.55000
25419,20040921,63.59000
25419,20040922,63.03000
25419,20040923,61.80000
25419,20040924,61.44000
25419,20040927,60.43000
25419,20040928,60.42000
25419,20040929,60.02000
25419,20040930,60.09000
25419,20041001,60.82000
25419,20041004,59.62000
25419,20041005,59.39000
25419,20041006,60.30000
25419,20041007,59.03000
25419,20041008,57.91000
25419,20041011,58.50000
25419,20041012,58.79000
25419,20041013,58.55000
25419,20041014,57.86000
25419,20041015,57.88000
25419,20041018,58.28000
25419,20041019,59.31000
25419,20041020,57.09000
25419,20041021,56.52000
25419,20041022,55.70000
25419,20041025,55.04000
25419,20041026,56.75000
25419,20041027,59.03000
25419,20041028,58.52000
25419,20041029,58.75000
25419,20041101,57.94000
25419,20041102,58.67000
25419,20041103,59.75000
25419,20041104,61.50000
25419,20041105,62.45000
25419,20041108,62.01000
25419,20041109,63.77000
25419,20041110,63.69000
25419,20041111,63.58000
25419,20041112,64.10000
25419,20041115,64.39000
25419,20041116,63.53000
25419,20041117,66.43000
25419,20041118,65.76000
25419,20041119,64.64000
25419,20041122,64.81000
25419,20041123,64.50000
25419,20041124,65.07000
25419,20041126,64.95000
25419,20041129,65.16000
25419,20041130,64.55000
25419,20041201,65.00000
25419,20041202,64.25000
25419,20041203,63.92000
25419,20041206,63.31000
25419,20041207,63.31000
25419,20041208,64.00000
25419,20041209,64.06000
25419,20041210,63.92000
25419,20041213,65.86000
25419,20041214,67.43000
25419,20041215,68.66000
25419,20041216,67.67000
25419,20041217,66.28000
25419,20041220,66.51000
25419,20041221,67.84000
25419,20041222,69.10000
25419,20041223,68.32000
25419,20041227,67.80000
25419,20041228,69.00000
25419,20041229,68.99000
25419,20041230,69.25000
25419,20041231,69.21000
25419,20050103,69.05000
25419,20050104,67.86000
25419,20050105,67.92000
25419,20050106,68.80000
25419,20050107,67.94000
25419,20050110,69.47000
25419,20050111,70.60000
25419,20050112,70.85000
25419,20050113,69.30000
25419,20050114,69.27000
25419,20050118,70.42000
25419,20050119,68.46000
25419,20050120,68.31000
25419,20050121,67.55000
25419,20050124,67.62000
25419,20050125,67.66000
25419,20050126,68.17000
25419,20050127,67.97000
25419,20050128,66.74000
25419,20050131,68.26000
25419,20050201,69.08000
25419,20050202,68.27000
25419,20050203,65.35000
25419,20050204,64.52000
25419,20050207,63.39000
25419,20050208,62.84000
25419,20050209,61.83000
25419,20050210,62.46000
25419,20050211,63.18000
25419,20050214,63.27000
25419,20050215,64.45000
25419,20050216,63.80000
25419,20050217,62.46000
25419,20050218,62.89000
25419,20050222,61.80000
25419,20050223,63.23000
25419,20050224,63.95000
25419,20050225,64.02000
25419,20050228,63.75000
25419,20050301,64.13000
25419,20050302,63.76000
25419,20050303,63.98000
25419,20050304,65.79000
25419,20050307,67.26000
25419,20050308,66.00000
25419,20050309,65.33000
25419,20050310,65.87000
25419,20050311,65.94000
25419,20050314,65.78000
25419,20050315,65.39000
25419,20050316,64.17000
25419,20050317,64.00000
25419,20050318,63.87000
25419,20050321,66.60000
25419,20050322,67.02000
25419,20050323,66.68000
25419,20050324,66.94000
25419,20050328,66.28000
25419,20050329,65.13000
25419,20050330,67.93000
25419,20050331,67.73000
25419,20050401,66.87000
25419,20050404,67.37000
25419,20050405,67.54000
25419,20050406,67.62000
25419,20050407,67.98000
25419,20050408,67.12000
25419,20050411,66.58000
25419,20050412,68.24000
25419,20050413,67.40000
25419,20050414,65.52000
25419,20050415,63.86000
25419,20050418,65.22000
25419,20050419,64.64000
25419,20050420,61.64000
25419,20050421,67.00000
25419,20050422,64.53000
25419,20050425,64.59000
25419,20050426,62.83000
25419,20050427,62.52000
25419,20050428,61.91000
25419,20050429,62.06000
25419,20050502,61.64000
25419,20050503,61.28000
25419,20050504,63.32000
25419,20050505,62.79000
25419,20050506,63.00000
25419,20050509,63.53000
25419,20050510,62.92000
25419,20050511,62.34000
25419,20050512,61.13000
25419,20050513,61.41000
25419,20050516,63.33000
25419,20050517,63.84000
25419,20050518,65.55000
25419,20050519,65.51000
25419,20050520,68.25000
25419,20050523,68.98000
25419,20050524,68.21000
25419,20050525,68.27000
25419,20050526,69.44000
25419,20050527,69.06000
25419,20050531,68.80000
25419,20050601,68.85000
25419,20050602,68.34000
25419,20050603,68.00000
25419,20050606,67.75000
25419,20050607,67.65000
25419,20050608,67.25000
25419,20050609,66.79000
25419,20050610,66.90000
25419,20050613,67.05000
25419,20050614,68.00000
25419,20050615,67.98000
25419,20050616,70.74000
25419,20050617,72.51000
25419,20050620,72.56000
25419,20050621,73.44000
25419,20050622,71.41000
25419,20050623,70.77000
25419,20050624,69.60000
25419,20050627,69.52000
25419,20050628,70.31000
25419,20050629,70.10000
25419,20050630,70.11000
25419,20050701,69.60000
25419,20050705,70.87000
25419,20050706,70.01000
25419,20050707,69.60000
25419,20050708,70.00000
25419,20050711,71.15000
25419,20050712,70.37000
25419,20050713,70.50000
25419,20050714,70.85000
25419,20050715,69.99000
25419,20050718,73.31000
25419,20050719,75.43000
25419,20050720,77.02000
25419,20050721,77.90000
25419,20050722,77.18000
25419,20050725,82.68000
25419,20050726,80.28000
25419,20050727,79.69000
25419,20050728,79.94000
25419,20050729,79.98000
25419,20050801,79.74000
25419,20050802,78.70000
25419,20050803,78.89000
25419,20050804,78.99000
25419,20050805,79.71000
25419,20050808,82.46000
25419,20050809,83.02000
25419,20050810,81.53000
25419,20050811,80.70000
25419,20050812,84.40000
25419,20050815,82.19000
25419,20050816,80.24000
25419,20050817,80.00000
25419,20050818,79.50000
25419,20050819,81.83000
25419,20050822,81.48000
25419,20050823,79.88000
25419,20050824,77.81000
25419,20050825,78.15000
25419,20050826,77.16000
25419,20050829,76.55000
25419,20050830,75.81000
25419,20050831,76.05000
25419,20050901,75.96000
25419,20050902,76.30000
25419,20050906,78.00000
25419,20050907,78.88000
25419,20050908,77.93000
25419,20050909,78.81000
25419,20050912,79.10000
25419,20050913,77.91000
25419,20050914,77.97000
25419,20050915,77.36000
25419,20050916,77.52000
25419,20050919,76.25000
25419,20050920,73.10000
25419,20050921,71.78000
25419,20050922,72.77000
25419,20050923,73.14000
25419,20050926,72.99000
25419,20050927,73.41000
25419,20050928,74.13000
25419,20050929,74.62000
25419,20050930,75.77000
25419,20051003,75.11000
25419,20051004,74.80000
25419,20051005,73.46000
25419,20051006,73.29000
25419,20051007,73.70000
25419,20051010,72.87000
25419,20051011,69.82000
25419,20051012,70.24000
25419,20051013,70.09000
25419,20051014,71.33000
25419,20051017,71.56000
25419,20051018,71.42000
25419,20051019,73.23000
25419,20051020,74.37000
25419,20051021,74.72000
25419,20051024,76.17000
25419,20051025,76.11000
25419,20051026,76.95000
25419,20051027,75.64000
25419,20051028,77.76000
25419,20051031,78.50000
25419,20051101,79.33000
25419,20051102,80.27000
25419,20051103,80.59000
25419,20051104,80.17000
25419,20051107,80.97000
25419,20051108,78.45000
25419,20051109,78.32000
25419,20051110,79.05000
25419,20051111,78.74000
25419,20051114,78.97000
25419,20051115,78.75000
25419,20051116,79.00000
25419,20051117,80.03000
25419,20051118,80.03000
25419,20051121,81.44000
25419,20051122,82.22000
25419,20051123,83.17000
25419,20051125,82.75000
25419,20051128,81.78000
25419,20051129,81.55000
25419,20051130,81.85000
25419,20051201,84.85000
25419,20051202,84.81000
25419,20051205,83.28000
25419,20051206,83.68000
25419,20051207,82.51000
25419,20051208,83.14000
25419,20051209,83.85000
25419,20051212,83.76000
25419,20051213,84.28000
25419,20051214,85.65000
25419,20051215,84.13000
25419,20051216,83.90000
25419,20051219,82.91000
25419,20051220,82.46000
25419,20051221,83.88000
25419,20051222,84.17000
25419,20051223,83.83000
25419,20051227,83.15000
25419,20051228,83.58000
25419,20051229,84.21000
25419,20051230,83.76000
25419,20060103,82.67000
25419,20060104,83.05000
25419,20060105,83.18000
25419,20060106,83.68000
25419,20060109,84.99000
25419,20060110,83.10000
25419,20060111,83.05000
25419,20060112,81.88000
25419,20060113,81.18000
25419,20060117,81.45000
25419,20060118,81.00000
25419,20060119,81.94000
25419,20060120,81.16000
25419,20060123,82.16000
25419,20060124,82.01000
25419,20060125,81.89000
25419,20060126,81.85000
25419,20060127,81.74000
25419,20060130,81.20000
25419,20060131,80.68000
25419,20060201,80.48000
25419,20060202,86.37000
25419,20060203,86.61000
25419,20060206,87.46000
25419,20060207,86.92000
25419,20060208,89.75000
25419,20060209,87.38000
25419,20060210,87.28000
25419,20060213,85.83000
25419,20060214,88.07000
25419,20060215,88.14000
25419,20060216,89.30000
25419,20060217,89.20000
25419,20060221,89.39000
25419,20060222,91.11000
25419,20060223,90.60000
25419,20060224,90.64000
25419,20060227,90.87000
25419,20060228,89.79000
25419,20060301,89.90000
25419,20060302,89.49000
25419,20060303,89.42000
25419,20060306,88.30000
25419,20060307,85.79000
25419,20060308,85.55000
25419,20060309,86.31000
25419,20060310,86.00000
25419,20060313,86.29000
25419,20060314,88.00000
25419,20060315,89.02000
25419,20060316,87.54000
25419,20060317,86.25000
25419,20060320,87.60000
25419,20060321,86.87000
25419,20060322,87.95000
25419,20060323,87.41000
25419,20060324,87.72000
25419,20060327,90.00000
25419,20060328,89.57000
25419,20060329,95.95000
25419,20060330,91.46000
25419,20060331,91.47000
25419,20060403,92.28000
25419,20060404,91.74000
25419,20060405,91.41000
25419,20060406,90.92000
25419,20060407,90.91000
25419,20060410,90.31000
25419,20060411,90.22000
25419,20060412,92.09000
25419,20060413,91.33000
25419,20060417,90.79000
25419,20060418,90.48000
25419,20060419,91.25000
25419,20060420,90.75000
25419,20060421,90.05000
25419,20060424,90.50000
25419,20060425,92.64000
25419,20060426,90.27000
25419,20060427,90.50000
25419,20060428,89.75000
25419,20060501,88.95000
25419,20060502,89.18000
25419,20060503,91.34000
25419,20060504,92.83000
25419,20060505,92.58000
25419,20060508,92.78000
25419,20060509,93.09000
25419,20060510,92.17000
25419,20060511,91.03000
25419,20060512,88.78000
25419,20060515,89.30000
25419,20060516,89.00000
25419,20060517,87.85000
25419,20060518,84.73000
25419,20060519,85.96000
25419,20060522,84.62000
25419,20060523,88.00000
25419,20060524,87.88000
25419,20060525,88.36000
25419,20060526,90.98000
25419,20060530,88.48000
25419,20060531,89.92000
25419,20060601,90.25000
25419,20060602,89.50000
25419,20060605,86.63000
25419,20060606,85.39000
25419,20060607,82.74000
25419,20060608,84.50000
25419,20060609,84.25000
25419,20060612,83.33000
25419,20060613,81.44000
25419,20060614,80.25000
25419,20060615,81.96000
25419,20060616,80.98000
25419,20060619,79.37000
25419,20060620,79.16000
25419,20060621,80.22000
25419,20060622,80.33000
25419,20060623,81.60000
25419,20060626,81.83000
25419,20060627,80.84000
25419,20060628,80.01000
25419,20060629,82.41000
25419,20060630,82.65000
25419,20060703,82.22000
25419,20060705,81.90000
25419,20060706,82.65000
25419,20060707,82.55000
25419,20060710,82.40000
25419,20060711,81.29000
25419,20060712,75.89000
25419,20060713,76.55000
25419,20060714,75.82000
25419,20060717,76.06000
25419,20060718,75.10000
25419,20060719,77.65000
25419,20060720,76.75000
25419,20060721,75.79000
25419,20060724,77.89000
25419,20060725,78.85000
25419,20060726,78.24000
25419,20060727,77.50000
25419,20060728,78.26000
25419,20060731,77.19000
25419,20060801,75.36000
25419,20060802,76.63000
25419,20060803,79.38000
25419,20060804,79.22000
25419,20060807,79.58000
25419,20060808,77.38000
25419,20060809,75.00000
25419,20060810,75.45000
25419,20060811,76.06000
25419,20060814,76.50000
25419,20060815,76.73000
25419,20060816,78.60000
25419,20060817,79.63000
25419,20060818,79.38000
25419,20060821,78.91000
25419,20060822,80.93000
25419,20060823,80.02000
25419,20060824,78.56000
25419,20060825,78.50000
25419,20060828,80.33000
25419,20060829,79.71000
25419,20060830,80.69000
25419,20060831,80.91000
25419,20060901,81.56000
25419,20060905,81.62000
25419,20060906,81.75000
25419,20060907,79.99000
25419,20060908,82.30000
25419,20060911,84.47000
25419,20060912,87.45000
25419,20060913,87.44000
25419,20060914,87.70000
25419,20060915,88.62000
25419,20060918,88.10000
25419,20060919,87.51000
25419,20060920,88.02000
25419,20060921,87.03000
25419,20060922,87.75000
25419,20060925,85.04000
25419,20060926,87.30000
25419,20060927,85.25000
25419,20060928,84.66000
25419,20060929,84.11000
25419,20061002,84.74000
25419,20061003,84.42000
25419,20061004,85.19000
25419,20061005,86.32000
25419,20061006,86.12000
25419,20061009,86.08000
25419,20061010,89.19000
25419,20061011,88.37000
25419,20061012,88.88000
25419,20061013,88.83000
25419,20061016,88.23000
25419,20061017,86.93000
25419,20061018,87.25000
25419,20061019,87.61000
25419,20061020,87.67000
25419,20061023,89.33000
25419,20061024,86.70000
25419,20061025,86.29000
25419,20061026,86.68000
25419,20061027,86.24000
25419,20061030,86.64000
25419,20061031,86.93000
25419,20061101,86.40000
25419,20061102,85.75000
25419,20061103,84.87000
25419,20061106,86.19000
25419,20061107,87.31000
25419,20061108,87.51000
25419,20061109,88.50000
25419,20061110,89.55000
25419,20061113,89.40000
25419,20061114,89.49000
25419,20061115,88.65000
25419,20061116,88.33000
25419,20061117,86.50000
25419,20061120,86.05000
25419,20061121,86.30000
25419,20061122,86.02000
25419,20061124,85.75000
25419,20061127,85.01000
25419,20061128,83.95000
25419,20061129,85.01000
25419,20061130,85.30000
25419,20061201,84.65000
25419,20061204,86.48000
25419,20061205,86.55000
25419,20061206,86.37000
25419,20061207,86.13000
25419,20061208,85.84000
25419,20061211,86.33000
25419,20061212,85.64000
25419,20061213,85.58000
25419,20061214,85.87000
25419,20061215,82.29000
25419,20061218,81.65000
25419,20061219,81.85000
25419,20061220,81.89000
25419,20061221,81.80000
25419,20061222,81.71000
25419,20061226,82.03000
25419,20061227,83.42000
25419,20061228,83.01000
25419,20061229,83.02000
25419,20070103,84.66000
25419,20070104,84.75000
25419,20070105,84.73000
25419,20070108,84.60000
25419,20070109,84.71000
25419,20070110,85.87000
25419,20070111,86.09000
25419,20070112,85.80000
25419,20070116,84.25000
25419,20070117,84.44000
25419,20070118,85.97000
25419,20070119,87.09000
25419,20070122,86.52000
25419,20070123,87.38000
25419,20070124,88.85000
25419,20070125,88.39000
25419,20070126,88.56000
25419,20070129,88.76000
25419,20070130,88.81000
25419,20070131,91.43000
25419,20070201,92.25000
25419,20070202,92.35000
25419,20070205,93.59000
25419,20070206,94.90000
25419,20070207,92.36000
25419,20070208,90.50000
25419,20070209,89.99000
25419,20070212,89.78000
25419,20070213,91.32000
25419,20070214,92.06000
25419,20070215,92.60000
25419,20070216,96.20000
25419,20070220,95.84000
25419,20070221,94.40000
25419,20070222,93.61000
25419,20070223,93.35000
25419,20070226,93.55000
25419,20070227,89.95000
25419,20070228,88.21000
25419,20070301,88.36000
25419,20070302,86.92000
25419,20070305,86.24000
25419,20070306,86.81000
25419,20070307,88.22000
25419,20070308,88.82000
25419,20070309,87.85000
25419,20070312,86.77000
25419,20070313,84.79000
25419,20070314,84.19000
25419,20070315,84.51000
25419,20070316,84.09000
25419,20070319,84.78000
25419,20070320,86.51000
25419,20070321,88.27000
25419,20070322,87.13000
25419,20070323,87.63000
25419,20070326,86.88000
25419,20070327,85.36000
25419,20070328,84.37000
25419,20070329,84.49000
25419,20070330,84.91000
25419,20070402,84.84000
25419,20070403,85.12000
25419,20070404,85.15000
25419,20070405,86.27000
25419,20070409,87.26000
25419,20070410,87.80000
25419,20070411,87.88000
25419,20070412,88.26000
25419,20070413,88.77000
25419,20070416,88.30000
25419,20070417,88.22000
25419,20070418,89.27000
25419,20070419,89.68000
25419,20070420,90.47000
25419,20070423,90.35000
25419,20070424,102.85000
25419,20070425,107.40000
25419,20070426,107.05000
25419,20070427,106.41000
25419,20070430,106.03000
25419,20070501,108.10000
25419,20070502,113.14000
25419,20070503,112.82000
25419,20070504,111.21000
25419,20070507,111.85000
25419,20070508,112.33000
25419,20070509,114.00000
25419,20070510,111.37000
25419,20070511,112.40000
25419,20070514,111.83000
25419,20070515,111.68000
25419,20070516,111.59000
25419,20070517,113.14000
25419,20070518,113.83000
25419,20070521,113.48000
25419,20070522,113.13000
25419,20070523,112.53000
25419,20070524,111.18000
25419,20070525,111.22000
25419,20070529,110.87000
25419,20070530,111.83000
25419,20070531,111.65000
25419,20070601,111.39000
25419,20070604,112.06000
25419,20070605,111.72000
25419,20070606,111.77000
25419,20070607,107.64000
25419,20070608,110.83000
25419,20070611,111.72000
25419,20070612,111.32000
25419,20070613,112.14000
25419,20070614,112.18000
25419,20070615,114.70000
25419,20070618,116.66000
25419,20070619,116.85000
25419,20070620,114.60000
25419,20070621,114.77000
25419,20070622,112.98000
25419,20070625,112.83000
25419,20070626,111.00000
25419,20070627,112.65000
25419,20070628,112.55000
25419,20070629,111.20000
25419,20070702,112.20000
25419,20070703,112.36000
25419,20070705,112.09000
25419,20070706,113.92000
25419,20070709,112.45000
25419,20070710,107.73000
25419,20070711,108.95000
25419,20070712,111.09000
25419,20070713,111.31000
25419,20070716,111.92000
25419,20070717,115.00000
25419,20070718,114.47000
25419,20070719,116.66000
25419,20070720,110.43000
25419,20070723,112.22000
25419,20070724,109.00000
25419,20070725,109.80000
25419,20070726,104.71000
25419,20070727,102.63000
25419,20070730,102.59000
25419,20070731,102.11000
25419,20070801,100.35000
25419,20070802,100.84000
25419,20070803,97.77000
25419,20070806,98.96000
25419,20070807,98.84000
25419,20070808,99.78000
25419,20070809,96.78000
25419,20070810,94.31000
25419,20070813,93.98000
25419,20070814,91.61000
25419,20070815,89.25000
25419,20070816,92.80000
25419,20070817,93.63000
25419,20070820,94.62000
25419,20070821,95.29000
25419,20070822,96.71000
25419,20070823,96.96000
25419,20070824,98.07000
25419,20070827,98.21000
25419,20070828,93.46000
25419,20070829,95.44000
25419,20070830,95.15000
25419,20070831,96.41000
25419,20070904,96.76000
25419,20070905,95.09000
25419,20070906,96.07000
25419,20070907,92.77000
25419,20070910,90.46000
25419,20070911,90.40000
25419,20070912,90.24000
25419,20070913,91.57000
25419,20070914,91.20000
25419,20070917,91.28000
25419,20070918,93.98000
25419,20070919,95.12000
25419,20070920,93.00000
25419,20070921,92.21000
25419,20070924,91.30000
25419,20070925,86.83000
25419,20070926,86.70000
25419,20070927,88.27000
25419,20070928,89.10000
25419,20071001,92.02000
25419,20071002,92.07000
25419,20071003,93.36000
25419,20071004,91.93000
25419,20071005,94.29000
25419,20071008,93.21000
25419,20071009,93.45000
25419,20071010,92.28000
25419,20071011,90.24000
25419,20071012,89.27000
25419,20071015,88.93000
25419,20071016,89.42000
25419,20071017,90.05000
25419,20071018,88.42000
25419,20071019,86.14000
25419,20071022,87.99000
25419,20071023,83.74000
25419,20071024,84.72000
25419,20071025,83.95000
25419,20071026,83.57000
25419,20071029,83.92000
25419,20071030,81.76000
25419,20071031,79.18000
25419,20071101,77.76500
25419,20071102,79.13000
25419,20071105,77.64000
25419,20071106,77.01000
25419,20071107,75.10000
25419,20071108,73.86000
25419,20071109,75.44000
25419,20071112,78.64000
25419,20071113,80.04000
25419,20071114,80.15000
25419,20071115,78.35000
25419,20071116,76.16000
25419,20071119,75.92000
25419,20071120,74.70000
25419,20071121,76.03000
25419,20071123,77.88000
25419,20071126,75.55000
25419,20071127,77.65000
25419,20071128,79.64000
25419,20071129,79.35000
25419,20071130,80.96000
25419,20071203,80.80000
25419,20071204,81.25000
25419,20071205,83.42000
25419,20071206,85.66000
25419,20071207,85.78000
25419,20071210,88.54000
25419,20071211,83.24000
25419,20071212,83.98000
25419,20071213,83.44000
25419,20071214,81.29000
25419,20071217,80.42000
25419,20071218,81.47000
25419,20071219,80.61000
25419,20071220,81.55000
25419,20071221,82.57000
25419,20071224,83.46000
25419,20071226,83.23000
25419,20071227,81.48000
25419,20071228,80.79000
25419,20071231,81.63000
25419,20080102,79.88000
25419,20080103,79.12000
25419,20080104,75.64000
25419,20080107,76.15000
25419,20080108,74.65000
25419,20080109,73.92000
25419,20080110,74.85000
25419,20080111,73.54000
25419,20080114,72.75000
25419,20080115,70.87000
25419,20080116,70.40000
25419,20080117,69.80000
25419,20080118,71.53000
25419,20080122,74.49000
25419,20080123,81.01000
25419,20080124,78.89000
25419,20080125,77.78000
25419,20080128,79.99000
25419,20080129,82.49000
25419,20080130,82.25000
25419,20080131,85.29000
25419,20080201,85.72000
25419,20080204,81.59000
25419,20080205,90.00000
25419,20080206,90.49000
25419,20080207,91.39000
25419,20080208,89.03000
25419,20080211,89.18000
25419,20080212,91.34000
25419,20080213,91.68000
25419,20080214,89.58000
25419,20080215,88.49000
25419,20080219,88.49000
25419,20080220,88.82000
25419,20080221,89.37000
25419,20080222,88.72000
25419,20080225,88.90000
25419,20080226,91.53000
25419,20080227,93.90000
25419,20080228,90.38000
25419,20080229,84.37000
25419,20080303,87.85000
25419,20080304,87.87000
25419,20080305,84.34000
25419,20080306,82.38000
25419,20080307,83.74000
25419,20080310,82.26000
25419,20080311,85.05000
25419,20080312,85.10000
25419,20080313,84.98000
25419,20080314,82.93000
25419,20080317,80.92000
25419,20080318,85.47000
25419,20080319,85.45000
25419,20080320,88.75000
25419,20080324,88.38000
25419,20080325,87.67000
25419,20080326,86.25000
25419,20080327,85.49000
25419,20080328,85.40000
25419,20080331,86.78000
25419,20080401,91.28000
25419,20080402,91.32000
25419,20080403,91.56000
25419,20080404,91.21000
25419,20080407,89.90000
25419,20080408,89.49000
25419,20080409,87.05000
25419,20080410,85.21000
25419,20080411,82.73000
25419,20080414,81.14000
25419,20080415,80.17000
25419,20080416,80.87000
25419,20080417,81.44000
25419,20080418,82.01000
25419,20080421,82.97000
25419,20080422,80.84000
25419,20080423,82.21000
25419,20080424,73.89000
25419,20080425,76.40000
25419,20080428,75.27000
25419,20080429,74.45000
25419,20080430,72.78000
25419,20080501,74.98000
25419,20080502,75.60000
25419,20080505,73.68000
25419,20080506,73.78000
25419,20080507,73.20000
25419,20080508,71.83000
25419,20080509,72.43000
25419,20080512,74.77000
25419,20080513,74.90000
25419,20080514,76.69000
25419,20080515,75.89000
25419,20080516,74.87000
25419,20080519,74.43000
25419,20080520,73.22000
25419,20080521,72.15000
25419,20080522,72.39000
25419,20080523,71.77000
25419,20080527,72.90000
25419,20080528,72.11000
25419,20080529,74.34000
25419,20080530,73.68000
25419,20080602,71.39000
25419,20080603,70.75000
25419,20080604,70.56000
25419,20080605,71.01000
25419,20080606,68.74000
25419,20080609,68.42000
25419,20080610,69.12000
25419,20080611,65.32000
25419,20080612,66.14000
25419,20080613,68.52000
25419,20080616,68.42000
25419,20080617,66.03000
25419,20080618,65.00000
25419,20080619,66.90000
25419,20080620,66.00000
25419,20080623,65.04000
25419,20080624,65.26000
25419,20080625,65.58000
25419,20080626,66.25000
25419,20080627,63.77000
25419,20080630,61.73000
25419,20080701,61.07000
25419,20080702,60.86000
25419,20080703,62.69000
25419,20080707,62.47000
25419,20080708,64.59000
25419,20080709,63.14000
25419,20080710,62.20000
25419,20080711,62.00000
25419,20080714,60.83000
25419,20080715,61.14000
25419,20080716,65.29000
25419,20080717,67.65000
25419,20080718,68.50000
25419,20080721,68.12000
25419,20080722,68.15000
25419,20080723,76.69000
25419,20080724,73.17000
25419,20080725,73.11000
25419,20080728,72.60000
25419,20080729,76.48000
25419,20080730,76.30000
25419,20080731,75.70000
25419,20080801,76.26000
25419,20080804,74.65000
25419,20080805,80.15000
25419,20080806,78.84000
25419,20080807,75.70000
25419,20080808,79.00000
25419,20080811,82.83000
25419,20080812,80.59000
25419,20080813,81.79000
25419,20080814,83.14000
25419,20080815,84.03000
25419,20080818,81.66000
25419,20080819,79.75000
25419,20080820,80.29000
25419,20080821,80.25000
25419,20080822,81.41000
25419,20080825,79.58000
25419,20080826,79.25000
25419,20080827,80.35000
25419,20080828,81.49000
25419,20080829,81.36000
25419,20080902,84.36000
25419,20080903,84.08000
25419,20080904,80.24000
25419,20080905,82.01000
25419,20080908,89.48000
25419,20080909,83.99000
25419,20080910,86.90000
25419,20080911,88.00000
25419,20080912,87.56000
25419,20080915,86.13000
25419,20080916,88.12000
25419,20080917,84.07000
25419,20080918,86.00000
25419,20080919,90.49000
25419,20080922,84.13000
25419,20080923,83.22000
25419,20080924,82.79000
25419,20080925,82.95000
25419,20080926,84.36000
25419,20080929,82.57000
25419,20080930,79.29000
25419,20081001,82.44000
25419,20081002,76.38000
25419,20081003,71.13000
25419,20081006,70.10000
25419,20081007,67.12000
25419,20081008,67.29000
25419,20081009,64.50000
25419,20081010,66.90000
25419,20081013,71.37000
25419,20081014,67.52000
25419,20081015,62.23000
25419,20081016,62.65000
25419,20081017,61.78000
25419,20081020,61.94000
25419,20081021,58.91000
25419,20081022,53.83000
25419,20081023,51.14000
25419,20081024,49.16000
25419,20081027,50.03000
25419,20081028,45.87000
25419,20081029,43.85000
25419,20081030,45.85000
25419,20081031,46.65000
25419,20081103,48.01000
25419,20081104,49.35000
25419,20081105,46.77000
25419,20081106,43.43000
25419,20081107,44.42000
25419,20081110,42.03000
25419,20081111,41.36000
25419,20081112,37.83000
25419,20081113,41.56000
25419,20081114,39.09000
25419,20081117,37.54000
25419,20081118,37.53000
25419,20081119,34.01000
25419,20081120,30.92000
25419,20081121,31.97000
25419,20081124,36.32000
25419,20081125,37.65000
25419,20081126,39.15000
25419,20081128,39.38000
25419,20081201,36.39000
25419,20081202,37.77000
25419,20081203,37.65000
25419,20081204,39.62000
25419,20081205,43.20000
25419,20081208,44.41000
25419,20081209,42.69000
25419,20081210,43.20000
25419,20081211,40.88000
25419,20081212,41.04000
25419,20081215,37.78000
25419,20081216,41.55000
25419,20081217,43.00000
25419,20081218,41.93000
25419,20081219,43.01000
25419,20081222,40.76000
25419,20081223,39.64000
25419,20081224,39.90000
25419,20081226,40.03000
25419,20081229,38.77000
25419,20081230,40.49000
25419,20081231,41.35000
25419,20090102,43.62000
25419,20090105,46.46000
25419,20090106,48.79000
25419,20090107,45.00000
25419,20090108,46.32000
25419,20090109,44.50000
25419,20090112,42.83000
25419,20090113,42.89000
25419,20090114,40.60000
25419,20090115,39.29000
25419,20090116,39.84000
25419,20090120,35.82000
25419,20090121,37.50000
25419,20090122,36.09000
25419,20090123,36.33000
25419,20090126,37.20000
25419,20090127,37.10000
25419,20090128,39.58000
25419,20090129,34.50000
25419,20090130,33.43000
25419,20090202,33.30000
25419,20090203,34.61000
25419,20090204,33.99000
25419,20090205,35.44000
25419,20090206,36.39000
25419,20090209,37.13000
25419,20090210,34.20000
25419,20090211,33.51000
25419,20090212,33.07000
25419,20090213,31.82000
25419,20090217,30.34000
25419,20090218,28.93000
25419,20090219,26.15000
25419,20090220,26.25000
25419,20090223,24.21000
25419,20090224,25.27000
25419,20090225,23.73000
25419,20090226,23.57000
25419,20090227,22.23000
25419,20090302,21.93000
25419,20090303,20.49000
25419,20090304,21.78000
25419,20090305,20.50000
25419,20090306,20.19000
25419,20090309,19.39000
25419,20090310,23.11000
25419,20090311,24.41000
25419,20090312,25.98000
25419,20090313,25.38000
25419,20090316,25.13000
25419,20090317,25.43000
25419,20090318,27.61000
25419,20090319,27.55000
25419,20090320,25.72000
25419,20090323,29.20000
25419,20090324,28.94000
25419,20090325,31.22000
25419,20090326,33.65000
25419,20090327,32.50000
25419,20090330,29.09000
25419,20090331,29.59000
25419,20090401,30.82000
25419,20090402,34.74000
25419,20090403,35.30000
25419,20090406,34.29000
25419,20090407,32.02000
25419,20090408,31.49000
25419,20090409,35.32000
25419,20090413,34.47000
25419,20090414,33.43000
25419,20090415,35.21000
25419,20090416,36.47000
25419,20090417,37.99000
25419,20090420,34.86000
25419,20090421,35.58000
25419,20090422,37.77000
25419,20090423,36.90000
25419,20090424,40.73000
25419,20090427,43.69000
25419,20090428,41.06000
25419,20090429,44.32000
25419,20090430,45.16000
25419,20090501,45.87000
25419,20090504,49.83000
25419,20090505,47.85000
25419,20090506,48.17000
25419,20090507,46.21000
25419,20090508,49.79000
25419,20090511,45.90000
25419,20090512,43.49000
25419,20090513,40.71000
25419,20090514,42.36000
25419,20090515,41.98000
25419,20090518,43.47000
25419,20090519,42.73000
25419,20090520,42.62000
25419,20090521,41.14000
25419,20090522,41.42000
25419,20090526,43.06000
25419,20090527,41.15000
25419,20090528,40.50000
25419,20090529,42.14000
25419,20090601,42.96000
25419,20090602,43.46000
25419,20090603,43.18000
25419,20090604,43.86000
25419,20090605,43.90000
25419,20090608,43.21000
25419,20090609,43.85000
25419,20090610,43.16000
25419,20090611,42.86000
25419,20090612,43.73000
25419,20090615,42.65000
25419,20090616,42.72000
25419,20090617,43.38000
25419,20090618,43.36000
25419,20090619,43.35000
25419,20090622,41.89000
25419,20090623,41.52000
25419,20090624,41.83000
25419,20090625,42.31000
25419,20090626,42.37000
25419,20090629,43.72000
25419,20090630,42.56000
25419,20090701,44.79000
25419,20090702,43.52000
25419,20090706,42.35000
25419,20090707,41.74000
25419,20090708,41.92000
25419,20090709,42.59000
25419,20090710,43.62000
25419,20090713,45.25000
25419,20090714,47.37000
25419,20090715,49.87000
25419,20090716,54.40000
25419,20090717,54.08000
25419,20090720,55.26000
25419,20090721,56.34000
25419,20090722,50.75000
25419,20090723,54.62000
25419,20090724,54.76000
25419,20090727,55.87000
25419,20090728,55.11000
25419,20090729,54.46000
25419,20090730,55.27000
25419,20090731,57.09000
25419,20090803,56.80000
25419,20090804,57.65000
25419,20090805,57.27000
25419,20090806,57.83000
25419,20090807,61.78000
25419,20090810,58.96000
25419,20090811,58.60000
25419,20090812,59.45000
25419,20090813,59.32000
25419,20090814,57.85000
25419,20090817,55.51000
25419,20090818,57.59000
25419,20090819,57.57000
25419,20090820,61.14000
25419,20090821,64.09000
25419,20090824,63.98000
25419,20090825,63.26000
25419,20090826,62.22000
25419,20090827,64.54000
25419,20090828,66.11000
25419,20090831,64.21000
25419,20090901,62.21000
25419,20090902,61.11000
25419,20090903,62.21000
25419,20090904,64.06000
25419,20090908,64.32000
25419,20090909,66.72000
